Frequency,Word
5230,
1873,bacon
1750,chicken
1344,juice
1237,beef
1146,cream
1129,green
1109,cheese
1008,pork
970,diced
783,sausage
757,bread
737,potato
718,beans
715,creamer
712,milk
686,tomato
675,broccoli
664,sauce
631,ground
620,orange
610,salad
609,cottage
590,banana
568,fruit
566,egg
563,apple
560,mic
528,i
523,biscuit
516,peaches
511,yogurt
511,ham
509,patty
495,toast
479,loin
465,ot
464,spinach
456,nectar
456,bean
447,mix
447,french
443,rice
439,roll
438,sour
428,onion
419,garlic
414,tilapia
404,butter
399,marinara
397,brown
396,turkey
395,cucumber
395,applesauce
385,tea
384,liquid
383,mayo
382,water
376,paper
365,cocktail
362,carrots
361,sugar
361,corn
354,non
348,pie
346,base
343,jelly
339,honey
334,cranberry
329,lettuce
326,lemonade
322,peach
322,carrot
320,capri
313,napkin
309,sherbet
308,coffee
304,oil
304,breast
301,cup
300,pears
298,lances
292,eggs
290,pancake
288,zucchini
288,wheat
284,tuna
280,heavy
279,sliced
279,gravy
272,napkins
271,danish
269,mandarin
264,pot
263,ranch
261,pic
261,oatmeal
259,celery
257,chop
255,cabbage
247,copy
244,peas
243,pineapple
243,cauliflower
242,meatball
237,roast
237,flour
235,pa
234,tissue
230,dinner
229,watermelon
228,pepper
227,oz
226,meatballs
226,cake
221,grits
215,muffin
213,shell
212,bun
209,rolls
208,coleslaw
207,pancakes
207,pan
206,half
201,mashed
198,salmon
197,pam
197,dyed
195,omelet
193,peanut
190,dice
189,ketchup
189,cups
185,steak
184,wipes
182,potatoes
179,raisin
178,strawberry
178,lemon
178,asparagus
177,white
177,pear
175,yams
174,yam
174,powder
172,topping
172,prune
170,red
169,tartar
168,straws
167,soup
166,croissant
165,placemat
162,american
161,thigh
161,hamburger
161,english
159,oranges
155,fry
155,cheddar
154,strips
153,baked
152,bananas
151,jam
151,NON
150,stew
149,vanilla
149,margarine
147,ping
142,yellow
142,link
142,ice
141,his
139,cornbread
138,fresh
138,bleach
137,grape
136,shredded
134,waffle
133,and
131,chips
129,ravioli
128,slaw
128,italian
127,tomatoes
126,tropical
125,mah
124,thickened
124,salisbury
120,chip
119,spoons
118,power
118,cod
117,solid
117,kleenex
117,coating
115,sweet
113,hot
112,tender
111,of
110,cocoa
110,bran
110,biscuits
108,syrup
108,strawberries
107,melatonin
107,med
107,foam
106,dressing
106,blend
105,texas
104,grapes
103,whipped
103,pizza
103,pearl
102,catfish
100,foil
99,wash
99,veg
99,liner
97,pea
97,dreamers
97,baby
96,pudding
96,noodle
95,spaghetti
94,slice
94,flounder
93,shrimp
93,cantaloupe
93,bro
93,breadstick
92,gloves
90,pollock
89,puree
89,leaf
88,romaine
88,punch
88,mushroom
86,paw
86,honeydew
86,can
86,beets
86,arm
85,tom
85,cracker
84,squash
84,relish
84,meds
84,cucumbers
84,brussel
84,bronc
83,mash
83,marina
83,CHICKEN
81,mustard
81,chocolate
80,yeast
80,tissues
80,lancet
80,frank
80,apples
79,meat
79,macaroni
79,graham
79,container
77,pulled
77,hash
77,fit
77,alcohol
76,spray
75,whip
75,waffles
75,salsa
75,iceberg
74,salt
74,hoagie
74,fish
72,trash
71,test
71,straw
71,shampoo
71,grapefruit
71,cut
71,bag
69,tenders
69,pinto
69,lids
69,crackers
69,BACON
68,swiss
68,levity
68,cherry
68,Bacon
67,film
67,fig
66,donut
65,towel
63,spring
63,oats
63,blueberry
63,bags
62,vegetable
62,top
62,stewed
62,pass
62,okra
62,lotion
62,dog
62,country
61,toilet
61,oreo
61,onions
61,al
60,shortening
60,razors
60,links
60,crab
60,GREEN
59,mixed
59,lid
59,ginger
58,shred
58,blue
57,resource
57,re
57,mouthwash
57,elbow
57,bologna
56,round
56,rings
56,ring
56,mica
56,greens
56,dawn
56,burger
55,towels
55,meal
54,spoon
54,patties
54,cutlery
53,kale
53,collard
52,pecan
52,grit
52,fried
52,buttermilk
52,be
52,basin
52,ale
51,razor
51,franks
50,veal
50,sharps
50,sanitizer
50,saltine
50,pit
50,magic
50,lynx
50,hard
50,dough
50,buns
50,black
49,tater
49,idaho
49,DICED
48,sauerkraut
48,pearls
48,mav
48,assure
47,cry
47,JUICE
46,toothpaste
46,promise
46,prep
46,peppers
45,way
45,brownie
45,a
44,pimento
44,lima
44,bagel
44,CREAMER
43,hush
43,fudge
42,whole
42,soy
42,silver
42,liners
42,diet
41,tenderloin
41,pink
41,pill
41,parm
41,my
41,kiwi
41,beet
40,lasagna
40,flakes
40,fantastic
39,parsley
39,food
39,cinnamon
38,wax
38,puff
38,prostate
38,mark
38,decaf
38,cornmeal
38,chops
38,CHEESE
38,BEEF
38,BEANS
37,saline
37,pum
37,mozzarella
37,kielbasa
37,fritter
37,bulk
37,bell
37,PORK
36,vinegar
36,thick
36,shaving
36,rib
36,pound
36,olive
36,oat
36,leo
36,CREAM
35,polish
35,pasta
35,lie
35,humidifier
35,ensure
35,cilantro
35,RICE
34,underpass
34,syringe
34,it
34,hinge
34,club
34,Chicken
34,CAPRI
33,vegetables
33,turnip
33,rye
33,pads
33,noodles
33,muffins
33,lactose
33,bar
33,BROCCOLI
33,BREAD
32,skim
32,silverware
32,place
32,mushrooms
32,frosted
32,filling
32,boiled
32,CARROTS
31,wild
31,prunes
31,parmesan
31,fajita
31,drink
31,do
30,wedge
30,syringes
30,sprouts
30,soap
30,pang
30,oyster
30,negro
30,lemons
30,leg
30,cobbler
30,SAUSAGE
30,HAM
30,Green
30,FRUIT
30,Diced
29,treat
29,mo
29,insulin
29,glove
29,cube
29,clam
29,SAUCE
29,MILK
29,BISCUIT
28,wafer
28,ultra
28,tots
28,thighs
28,strip
28,so
28,kit
28,haddock
28,donuts
28,dairy
28,animal
27,starch
27,popcorn
27,philly
27,on
27,lime
27,granulated
27,gpa
27,gauze
27,fries
27,cola
27,apron
27,CORN
26,su
26,sprout
26,spike
26,shells
26,pickle
26,packet
26,meatloaf
26,lorna
26,is
26,hinged
26,cole
26,cheesecake
26,cheerios
26,TOAST
26,Sausage
26,POTATO
26,PATTY
26,FRENCH
25,urinals
25,stir
25,quarter
25,fryer
25,clear
25,cali
25,buffet
25,barrier
25,angel
25,ORANGE
25,Beef
24,wafers
24,tray
24,parker
24,kind
24,gowns
24,eclair
24,drain
24,comet
24,coke
24,chic
24,cal
24,YOGURT
24,EGG
23,tip
23,shake
23,scout
23,ouzo
23,nut
23,none
23,mayonnaise
23,mac
23,large
23,kleine
23,hair
23,free
23,e
23,basil
23,almond
23,TOMATO
23,SHERBET
23,PEACHES
22,to
22,sync
22,seasoning
22,nap
22,key
22,hairnet
22,ferrous
22,disc
22,detergent
22,deodorant
22,containers
22,PAPER
22,Milk
22,LIQUID
22,Ground
22,COTTAGE
22,COCKTAIL
22,Broccoli
21,tot
21,tortilla
21,stick
21,sponge
21,slip
21,shed
21,plate
21,ointment
21,hand
21,goldfish
21,cost
21,chili
21,brush
21,bowl
21,TEA
21,SALAD
21,ROLL
21,Pork
21,PEARS
21,Liquid
21,Cream
21,BEAN
20,wedges
20,up
20,unfit
20,skin
20,season
20,scrambled
20,ritz
20,ricotta
20,promo
20,pinko
20,pas
20,nuggets
20,horn
20,guard
20,granola
20,emotion
20,cure
20,cock
20,chick
20,TURKEY
20,SPINACH
20,NAPKIN
20,Biscuit
20,Banana
19,wipe
19,vitamin
19,tart
19,spag
19,smoked
19,sand
19,plastic
19,pen
19,flat
19,cannula
19,brief
19,breaded
19,au
19,Tomato
19,E
18,ziti
18,zinc
18,urinal
18,tips
18,sulfate
18,spread
18,short
18,shave
18,sandwich
18,saltines
18,saddle
18,polyethylene
18,phase
18,paprika
18,nugget
18,much
18,mob
18,hamburgers
18,had
18,gratin
18,gown
18,glucose
18,facial
18,cutlet
18,cornstarch
18,coat
18,choc
18,carr
18,butternut
18,butt
18,blueberries
18,biz
18,bake
18,antifungal
18,PEACH
18,ONION
18,NECTAR
18,GARLIC
17,winter
17,we
17,thicken
17,sub
17,sourdough
17,sidewinder
17,ribs
17,refried
17,pouch
17,penne
17,mask
17,in
17,grilled
17,germ
17,dry
17,done
17,crumb
17,crinkle
17,coco
17,chopped
17,car
17,blackberry
17,bana
17,avocado
17,TARTAR
17,PAN
17,Mayo
17,MEATBALLS
17,Cheese
17,BUTTER
16,zoo
16,upp
16,stuffed
16,split
16,snap
16,sad
16,rounds
16,quit
16,piston
16,pilaf
16,peri
16,medium
16,mango
16,jello
16,distilled
16,dic
16,crust
16,corned
16,cookie
16,chum
16,caesar
16,body
16,bath
16,JELLY
16,Cottage
16,COPY
16,BASE
15,you
15,sprite
15,safety
15,pureed
15,prince
15,pine
15,pad
15,mint
15,mat
15,lunch
15,knife
15,iced
15,grill
15,glycol
15,frozen
15,cur
15,cheerio
15,ca
15,brisket
15,bib
15,assorted
15,ad
15,acidophilus
15,White
15,PEAS
15,OATMEAL
15,Marinara
15,Creamer
15,APPLESAUCE
15,APPLE
14,zip
14,washbasin
14,total
14,tape
14,swap
14,silk
14,sharp
14,refresh
14,random
14,ran
14,puffs
14,pouches
14,perineal
14,peeled
14,pal
14,mush
14,mini
14,melon
14,lett
14,island
14,into
14,herb
14,he
14,got
14,gelatin
14,fork
14,feeding
14,demi
14,chub
14,canola
14,burgers
14,benz
14,auto
14,as
14,aerosol
14,TILAPIA
14,Sour
14,Peaches
14,PEANUT
14,OIL
14,Garlic
14,CUPS
14,CORNBREAD
13,wow
13,washcloths
13,van
13,un
13,tiramisu
13,teaspoon
13,ross
13,raspberry
13,pumpkin
13,paste
13,nutty
13,nutritional
13,liver
13,lays
13,isolation
13,ical
13,evaporated
13,dixie
13,dirt
13,dash
13,cordon
13,compartment
13,comp
13,cloth
13,chowder
13,brussels
13,briefs
13,breakfast
13,bope
13,baking
13,STRAWS
13,SLICED
13,Rice
13,Ranch
13,Lettuce
13,KLEENEX
13,JAM
13,GROUND
13,GRITS
13,CUP
13,COLESLAW
12,vital
12,underpaid
12,two
12,three
12,squat
12,shelled
12,shakes
12,senna
12,rid
12,release
12,pull
12,pretzel
12,plates
12,ores
12,needle
12,nec
12,lidocaine
12,lance
12,jack
12,hasta
12,flank
12,cookies
12,cheez
12,cereal
12,caulk
12,cant
12,boost
12,bars
12,aloe
12,ZUCCHINI
12,YAM
12,WHEAT
12,WATERMELON
12,WATER
12,Turkey
12,Tilapia
12,Tea
12,TUNA
12,Spinach
12,POT
12,PINEAPPLE
12,PANCAKES
12,Orange
12,MIX
12,MEATBALL
12,LEMONADE
12,Juice
12,Grits
12,Fruit
12,French
12,Carrots
12,Brown
12,Bread
12,Apple
11,zu
11,wound
11,wiped
11,walnut
11,tortellini
11,spikes
11,solitaire
11,sole
11,slices
11,san
11,rinse
11,raw
11,protein
11,oxide
11,guest
11,gran
11,ez
11,deli
11,cubed
11,crusher
11,crunch
11,cover
11,cooked
11,check
11,bottled
11,born
11,bob
11,beer
11,bari
11,asp
11,WIPES
11,TROPICAL
11,SUGAR
11,STRIPS
11,Potato
11,PANCAKE
11,Nectar
11,LETTUCE
11,Ham
11,HONEY
11,DINNER
11,CHOP
11,CARROT
11,CABBAGE
11,BANANA
11,AS
10,wing
10,trop
10,tent
10,super
10,sticks
10,spin
10,soda
10,sister
10,russet
10,ruffles
10,provolone
10,poly
10,plus
10,pillow
10,pico
10,no
10,newton
10,needles
10,mom
10,man
10,low
10,krispies
10,kits
10,jasmine
10,instant
10,equal
10,denture
10,crumbs
10,crisp
10,cornflakes
10,cornflake
10,cleanser
10,citrus
10,chef
10,cheetos
10,caramel
10,calcium
10,cab
10,broth
10,brioche
10,bis
10,bed
10,bac
10,aspirin
10,apex
10,ap
10,TISSUE
10,SPOONS
10,RAVIOLI
10,PEAR
10,PAM
10,Onion
10,MELATONIN
10,MAYO
10,LOIN
10,Jelly
10,HOT
10,EGGS
10,CUCUMBER
10,BUN
10,BREAST
10,ASPARAGUS
10,A
9,y
9,wrap
9,triple
9,trim
9,tri
9,til
9,sweetener
9,string
9,sponges
9,saw
9,sales
9,root
9,rig
9,raisins
9,pub
9,panda
9,pack
9,net
9,navy
9,nasal
9,montreal
9,mighty
9,major
9,lentil
9,lamb
9,kid
9,if
9,greek
9,gallon
9,eye
9,excel
9,eggplant
9,dogs
9,dart
9,crushed
9,count
9,cleaner
9,chucks
9,california
9,calf
9,bulked
9,browns
9,breeze
9,boston
9,alfredo
9,adult
9,Zucchini
9,YAMS
9,Tissue
9,TOMATOES
9,Sherbet
9,SOUR
9,ROAST
9,Pears
9,PIE
9,NAPKINS
9,LANCET
9,ITALIAN
9,Honey
9,HAMBURGER
9,Coffee
9,CRANBERRY
9,COFFEE
9,CAKE
9,Beans
9,APPLES
8,whipping
8,west
8,trout
8,toothbrush
8,thyme
8,terms
8,tapioca
8,supplement
8,suction
8,stuffing
8,sirloin
8,shoulder
8,sher
8,scan
8,sa
8,roma
8,radish
8,purely
8,puppies
8,procure
8,prism
8,pond
8,ounce
8,ofa
8,odor
8,mouth
8,minestrone
8,mars
8,mar
8,maple
8,lynch
8,lor
8,lo
8,last
8,kidney
8,kaiser
8,jumbo
8,itch
8,inside
8,ibuprofen
8,gold
8,gel
8,fu
8,flores
8,fillet
8,esta
8,creme
8,covers
8,copier
8,cone
8,coin
8,chuck
8,chives
8,canadian
8,bye
8,ball
8,bad
8,ass
8,antiseptic
8,all
8,airline
8,WHITE
8,SALISBURY
8,Placemat
8,Pie
8,POWDER
8,POLLOCK
8,PINTO
8,OMELET
8,Napkins
8,Meatballs
8,Meatball
8,MUFFIN
8,MARGARINE
8,MAGIC
8,Egg
8,DANISH
8,Celery
8,CUR
8,CHIPS
8,CAULIFLOWER
8,Asparagus
7,yukon
7,wiper
7,turk
7,triangle
7,trays
7,translucent
7,tofu
7,thrive
7,teriyaki
7,teaspoons
7,tears
7,sip
7,sheets
7,romain
7,quarters
7,pitcher
7,piece
7,pens
7,oriental
7,omen
7,oasis
7,multi
7,mousse
7,moist
7,label
7,kernel
7,hydrocortisone
7,hugs
7,grand
7,grain
7,folders
7,eng
7,emesis
7,dome
7,decade
7,crush
7,cous
7,con
7,collars
7,cold
7,bowtie
7,boneless
7,bev
7,berries
7,basmati
7,basins
7,barrel
7,ban
7,bagels
7,artichoke
7,arthritis
7,aprons
7,Yogurt
7,Yams
7,Wheat
7,Waffles
7,TOPPING
7,Sauce
7,Roll
7,ROLLS
7,RANCH
7,Pan
7,Pam
7,PEPPER
7,Napkin
7,Mandarin
7,MASHED
7,MARINARA
7,MANDARIN
7,Ketchup
7,ICE
7,GRAVY
7,Flour
7,Dinner
7,DOG
7,Corn
7,Copy
7,Carrot
7,Capri
7,CRACKER
7,Butter
7,BROWNIE
7,BROWN
7,Applesauce
6,wings
6,walk
6,vase
6,tulip
6,trail
6,tortillas
6,toasted
6,tar
6,taco
6,tac
6,sup
6,sundae
6,spear
6,soft
6,snapper
6,slider
6,size
6,set
6,scramble
6,scone
6,salami
6,roasted
6,repair
6,quiche
6,pur
6,probe
6,pro
6,pretzels
6,pickled
6,petite
6,oven
6,olives
6,old
6,nebulizer
6,nab
6,muscle
6,muff
6,miss
6,me
6,marshmallow
6,marathon
6,mandarins
6,lyons
6,loaf
6,light
6,kangaroo
6,irrigation
6,iron
6,icing
6,ibm
6,hop
6,homie
6,grease
6,get
6,fuel
6,for
6,flush
6,flavor
6,flaked
6,feta
6,evac
6,deliver
6,cumin
6,cuban
6,crystal
6,croissants
6,creamy
6,couscous
6,complete
6,combs
6,coca
6,chewable
6,chew
6,cath
6,cap
6,canister
6,bum
6,balls
6,baker
6,artificial
6,apricot
6,antibiotic
6,ahoy
6,YELLOW
6,Watermelon
6,Water
6,WAFFLE
6,Tuna
6,Texas
6,THIGH
6,TATER
6,Sugar
6,Sliced
6,SYRUP
6,STEAK
6,SPRAY
6,SLICE
6,Roast
6,Pineapple
6,Peanut
6,Paper
6,Pancakes
6,PRUNE
6,POTATOES
6,PADS
6,Oatmeal
6,NOODLE
6,MED
6,Lemon
6,LEMON
6,KETCHUP
6,Half
6,FRY
6,FRESH
6,FLOUR
6,FILM
6,ELBOW
6,Danish
6,DICE
6,Cucumber
6,Cranberry
6,Coleslaw
6,Cauliflower
6,Cabbage
6,COCOA
6,CHIP
6,Bun
6,BRAN
6,BLEACH
6,AMERICAN
6,ALCOHOL
5,zero
5,whirl
5,unsalted
5,um
5,tylenol
5,trach
5,tide
5,ticket
5,there
5,spar
5,solids
5,solace
5,smoothie
5,sloppy
5,shortbread
5,shaved
5,scalloped
5,saf
5,sacrum
5,rub
5,refilled
5,rainbow
5,puppy
5,proven
5,prez
5,ply
5,pineapples
5,pickles
5,pesto
5,personal
5,past
5,par
5,pans
5,omelette
5,nu
5,northern
5,newtons
5,navel
5,naps
5,meringue
5,menu
5,mats
5,matchstick
5,mag
5,lobster
5,lite
5,laundry
5,laser
5,labels
5,jal
5,ink
5,icecream
5,hing
5,hen
5,hawaiian
5,haricots
5,hardboiled
5,hang
5,gluten
5,gatorade
5,garden
5,frying
5,frits
5,frau
5,flake
5,finger
5,envision
5,dial
5,custard
5,cult
5,cranberries
5,cornish
5,coconut
5,clams
5,cider
5,chipped
5,cherries
5,cave
5,butterscotch
5,burrito
5,breasts
5,bowls
5,blended
5,berry
5,bengal
5,battered
5,back
5,awe
5,away
5,amen
5,aka
5,acid
5,Yellow
5,Y
5,WHOLE
5,WASH
5,VEGETABLE
5,TEST
5,Strawberries
5,Shredded
5,Salmon
5,Salad
5,SWEET
5,STRAWBERRY
5,SPRING
5,SOUP
5,SOLID
5,Razors
5,RAZOR
5,RAISIN
5,Pulled
5,Pot
5,PREP
5,POWER
5,OZ
5,OF
5,Loin
5,Lemonade
5,LINK
5,Kleenex
5,Hamburger
5,HALF
5,Fresh
5,FRANKS
5,ENSURE
5,Chips
5,CHOCOLATE
5,CHEDDAR
5,Bleach
5,BREADSTICK
5,BAG
5,American
5,ANIMAL
4,wine
4,washcloth
4,walnuts
4,vaseline
4,underwear
4,una
4,tyson
4,tuscan
4,trio
4,transparent
4,ti
4,thee
4,the
4,teddy
4,tamale
4,succotash
4,sta
4,sodium
4,sir
4,simply
4,sheet
4,sank
4,safer
4,rosemary
4,rigid
4,rasp
4,quinoa
4,quick
4,put
4,pump
4,prime
4,prima
4,prevail
4,preps
4,pop
4,poll
4,pitchers
4,pistons
4,peroxide
4,pellet
4,pastrami
4,omelets
4,nurse
4,not
4,nametag
4,nail
4,munching
4,met
4,mercy
4,medley
4,mari
4,lip
4,let
4,juicer
4,joe
4,inner
4,home
4,hi
4,hazelnut
4,hairbrush
4,guacamole
4,golden
4,glue
4,german
4,garbanzo
4,gap
4,fuse
4,from
4,fritz
4,floor
4,filet
4,field
4,ent
4,enema
4,edward
4,dy
4,duo
4,dumpling
4,drumstick
4,drum
4,dried
4,dress
4,dole
4,did
4,deluxe
4,dean
4,de
4,dark
4,dandy
4,cubes
4,crock
4,creamed
4,colossal
4,coff
4,cob
4,cloths
4,clod
4,chunk
4,chive
4,caper
4,canned
4,cakes
4,built
4,buddy
4,brawny
4,bottle
4,blintz
4,bedpan
4,bay
4,batteries
4,bakers
4,ask
4,ankh
4,am
4,alt
4,ac
4,Wipes
4,WHIPPED
4,ULTRA
4,TISSUES
4,TEXAS
4,Sweet
4,Solid
4,Salisbury
4,SYRINGE
4,STEWED
4,SQUASH
4,SPOON
4,SILVER
4,SHREDDED
4,SHELL
4,SHAVING
4,SALMON
4,SA
4,Resource
4,Red
4,Ravioli
4,Prune
4,Potatoes
4,Pinto
4,Pecan
4,POUND
4,PLACEMAT
4,Oranges
4,Oil
4,Muffin
4,Mixed
4,Mashed
4,MUSHROOM
4,MACARONI
4,LOTION
4,LINERS
4,Heavy
4,Gravy
4,Grape
4,GRIT
4,GOWNS
4,GLOVES
4,Franks
4,FRIED
4,FOIL
4,FOAM
4,FISH
4,Eggs
4,ENGLISH
4,Dice
4,DOY
4,DIC
4,Cornbread
4,Cod
4,Cantaloupe
4,CUTLERY
4,CROISSANT
4,CLEANSER
4,CHERRY
4,CELERY
4,Brownie
4,Bean
4,Base
4,Bananas
4,BLACK
4,BISCUITS
4,BAKED
4,AP
4,AD
3,wrapped
3,wick
3,western
3,wa
3,vin
3,vienna
3,vert
3,utility
3,twist
3,turnover
3,tumbler
3,tubing
3,treats
3,tort
3,tongue
3,toner
3,tidbits
3,tend
3,tad
3,tabs
3,sterile
3,staples
3,spiral
3,spaetzle
3,sorbet
3,snack
3,smoke
3,smash
3,slippers
3,slab
3,shorting
3,she
3,sec
3,seafood
3,sea
3,scram
3,sci
3,scallop
3,says
3,samar
3,salon
3,sacral
3,rope
3,renew
3,rena
3,remedy
3,relief
3,ready
3,ravi
3,radishes
3,rack
3,protective
3,preference
3,potpie
3,platinum
3,pierogies
3,petroleum
3,pet
3,peppered
3,pellets
3,patches
3,pain
3,packets
3,ox
3,org
3,orca
3,operative
3,ok
3,nutter
3,nsa
3,normandy
3,normal
3,nood
3,nil
3,netted
3,nets
3,munches
3,moon
3,mocha
3,misty
3,mattress
3,marin
3,marble
3,lutz
3,lozenges
3,liverwurst
3,livers
3,liston
3,limes
3,life
3,lesson
3,leek
3,layer
3,lac
3,kip
3,kiev
3,ke
3,jimmy
3,jell
3,japanese
3,jap
3,iso
3,inn
3,ind
3,imitation
3,hydrogen
3,humid
3,hose
3,homo
3,gyno
3,gumbo
3,grouper
3,grandma
3,graduates
3,grab
3,glide
3,ge
3,gala
3,gaff
3,freeze
3,forks
3,flex
3,fire
3,fine
3,figs
3,fiber
3,fancy
3,euro
3,ends
3,enchilada
3,elbows
3,eclairs
3,drops
3,drones
3,doth
3,does
3,dill
3,den
3,dawkins
3,danishes
3,dad
3,crouton
3,crop
3,crepe
3,cool
3,concentrate
3,combo
3,comb
3,clue
3,clubs
3,clover
3,cecum
3,cat
3,carnation
3,capers
3,camp
3,caf
3,bull
3,brushes
3,brilliance
3,brie
3,breathable
3,breadsticks
3,breadcrumbs
3,bratwurst
3,brat
3,border
3,bolo
3,boil
3,blood
3,blind
3,bleu
3,blades
3,blackberries
3,bistro
3,belgian
3,balsamic
3,bahamas
3,baba
3,arugula
3,arlington
3,antiperspirant
3,allegra
3,alive
3,alginate
3,alas
3,air
3,after
3,admission
3,active
3,act
3,Yeast
3,Waffle
3,WOUND
3,WIPE
3,WASHBASIN
3,Vital
3,Tomatoes
3,Tom
3,Toast
3,Tater
3,THIGHS
3,THICK
3,TENDERS
3,TENDER
3,Strawberry
3,SUB
3,STRAWBERRIES
3,STIR
3,SPAGHETTI
3,SLAW
3,SILVERWARE
3,SHRIMP
3,SHAMPOO
3,SHAKE
3,SEASONING
3,SAN
3,SALTINE
3,Romaine
3,Random
3,Raisin
3,RINGS
3,RAZORS
3,Powder
3,Pizza
3,Pearl
3,Peach
3,Pancake
3,PUREE
3,PUNCH
3,PULLED
3,POLYETHYLENE
3,PIZZA
3,PIT
3,PINK
3,PILL
3,PEN
3,PEARL
3,PEA
3,PATTIES
3,PANG
3,OREO
3,NUT
3,NUGGETS
3,Mozzarella
3,Meatloaf
3,Margarine
3,MUSTARD
3,MEAL
3,LINKS
3,LINER
3,LIDS
3,LEAF
3,KIWI
3,INSULIN
3,HEAVY
3,Greens
3,Grapes
3,Grapefruit
3,Graham
3,Gloves
3,Ginger
3,GREENS
3,GRAPES
3,GRAHAM
3,GLIDE
3,GAUZE
3,Flounder
3,FRANK
3,FIG
3,Ensure
3,Dawn
3,DRESSING
3,DONUT
3,DAWN
3,DAIRY
3,Crackers
3,Cornmeal
3,Cocoa
3,CUBE
3,CREO
3,COOKIE
3,CONTAINERS
3,CONTAINER
3,COD
3,COATING
3,CANTALOUPE
3,Burger
3,Breast
3,Bologna
3,Black
3,BRUSSEL
3,BLEND
3,BASIN
3,BANANAS
3,BABY
3,Alcohol
3,ANTIFUNGAL
3,ALOE
3,ALE
2,ze
2,your
2,yogurts
2,xu
2,xerox
2,wu
2,wrinkle
2,work
2,wood
2,with
2,whats
2,wet
2,wedding
2,warm
2,walleyed
2,viren
2,vest
2,velvet
2,variety
2,ultimate
2,ugh
2,tub
2,trump
2,triad
2,trans
2,toss
2,tonic
2,toasty
2,till
2,tidbit
2,temp
2,tarragon
2,tall
2,tail
2,supreme
2,supplements
2,styrofoam
2,strudel
2,stripped
2,stomp
2,sterno
2,stem
2,stealth
2,steaks
2,star
2,spy
2,spice
2,speed
2,specimen
2,special
2,spec
2,spanish
2,souffle
2,softener
2,socks
2,soak
2,smiley
2,slim
2,skippy
2,skinless
2,single
2,silent
2,side
2,shorten
2,shop
2,shoe
2,shield
2,sheeted
2,shank
2,sets
2,sesame
2,secure
2,section
2,sear
2,scrub
2,scones
2,sca
2,sausages
2,rutabaga
2,run
2,ruffle
2,rubber
2,rose
2,rom
2,rolled
2,rocky
2,rigged
2,rich
2,retro
2,ren
2,reg
2,reflection
2,reddish
2,really
2,quart
2,puta
2,purple
2,purity
2,pure
2,puddy
2,protege
2,promote
2,praline
2,pow
2,portion
2,port
2,plum
2,plantain
2,plan
2,plain
2,pita
2,pints
2,pillows
2,pierogi
2,pieces
2,phantom
2,peppermint
2,peanuts
2,patch
2,pastry
2,pasteurized
2,parfait
2,panini
2,panic
2,oxygen
2,over
2,out
2,optimal
2,ong
2,o
2,nutrition
2,nitrile
2,neutral
2,nested
2,neb
2,nara
2,nametags
2,must
2,munch
2,multivitamin
2,multipurpose
2,mucus
2,mop
2,mont
2,mineral
2,microdot
2,melons
2,medical
2,media
2,may
2,max
2,marsh
2,marmalade
2,mara
2,maid
2,mach
2,lozenge
2,long
2,loch
2,linen
2,leaflets
2,lay
2,lan
2,la
2,kyoto
2,krispy
2,kosher
2,kol
2,knight
2,king
2,kill
2,kern
2,jerk
2,jazz
2,ith
2,ins
2,hum
2,house
2,hotel
2,horseradish
2,hog
2,ho
2,hinges
2,hel
2,heath
2,hearts
2,health
2,harpies
2,great
2,gray
2,gravity
2,graduated
2,graduate
2,gourmet
2,goo
2,goat
2,go
2,gnocchi
2,glorious
2,gingerbread
2,gentle
2,gay
2,garbage
2,gait
2,full
2,frothy
2,fritters
2,frankfurter
2,fran
2,form
2,folded
2,flow
2,fleet
2,flavored
2,flatware
2,flap
2,fitted
2,feather
2,fast
2,far
2,fame
2,fam
2,fac
2,extra
2,epic
2,entree
2,empress
2,eggbeater
2,edamame
2,earth
2,eagle
2,each
2,ea
2,dumplings
2,draw
2,drainage
2,doy
2,dispenser
2,ding
2,dine
2,dessert
2,delight
2,del
2,debbie
2,day
2,crusted
2,crushers
2,crumble
2,crown
2,croc
2,cough
2,cos
2,corona
2,cop
2,converted
2,confectioner
2,concern
2,commode
2,com
2,coil
2,coffe
2,cocktails
2,cloud
2,clippers
2,citric
2,chile
2,chi
2,cheroo
2,char
2,cel
2,caul
2,catheter
2,casserole
2,casino
2,cashew
2,carton
2,carmen
2,carafe
2,caps
2,cappuccino
2,cane
2,candy
2,calm
2,button
2,buttercup
2,but
2,burst
2,burritos
2,bug
2,brew
2,break
2,brats
2,braised
2,bosco
2,blob
2,blintzes
2,blade
2,bladder
2,bisque
2,better
2,beta
2,best
2,ben
2,belts
2,belfry
2,bedpans
2,beater
2,batter
2,barbecue
2,bandage
2,balm
2,baguette
2,baa
2,asian
2,aseptic
2,app
2,anti
2,angus
2,amish
2,allergy
2,albacore
2,aid
2,ago
2,admit
2,adhesive
2,ace
2,able
2,ab
2,ZITI
2,ZINC
2,Whipped
2,WRAP
2,WIPER
2,WHIRL
2,WEDGE
2,WAFFLES
2,WAFER
2,Vitamin
2,Veg
2,Veal
2,Vanilla
2,VEGETABLES
2,VANILLA
2,UP
2,Tot
2,Topping
2,Top
2,Tissues
2,Tiramisu
2,Thigh
2,TROP
2,TREAT
2,TRAY
2,TRASH
2,TOWELS
2,TOWEL
2,TOOTHPASTE
2,Straws
2,Stewed
2,Stew
2,Steak
2,Squat
2,Squash
2,Spoons
2,Solitaire
2,Slice
2,Shortening
2,Shell
2,Sharps
2,Season
2,Saline
2,SUPPLEMENT
2,SULFATE
2,STRAW
2,STICK
2,STEW
2,STARCH
2,SPROUTS
2,SPONGES
2,SPIKE
2,SPAG
2,SKIN
2,SHRED
2,SHARPS
2,SHARP
2,SCOUT
2,SALT
2,SAFETY
2,Rolls
2,ROMAIN
2,RING
2,RIB
2,RESOURCE
2,REN
2,RELISH
2,QUARTER
2,Pollock
2,Pill
2,Pepper
2,Peeled
2,Pearls
2,Pear
2,Patty
2,PUR
2,PUMPKIN
2,PROTEIN
2,POLISH
2,PLASTIC
2,PINEAPPLES
2,PIMENTO
2,PHILLY
2,PERS
2,PECAN
2,PATCH
2,PASTE
2,PASS
2,Oats
2,OYSTER
2,ORIENTAL
2,ORANGES
2,OKRA
2,OATS
2,OAT
2,Non
2,NUTTY
2,NOODLES
2,NEEDLES
2,NEC
2,NAMETAG
2,Mop
2,Mix
2,Melatonin
2,Meal
2,Macaroni
2,MOZZARELLA
2,MOUTHWASH
2,MANGO
2,MAC
2,Link
2,Lima
2,Lemons
2,Leaf
2,Lasagna
2,Lancet
2,Lactose
2,LORNA
2,LEMONS
2,KIT
2,KALE
2,Jam
2,Italian
2,Insulin
2,Iceberg
2,Hot
2,Hoagie
2,Hash
2,Hair
2,HINGE
2,HADDOCK
2,Gowns
2,Glide
2,GLUCOSE
2,Foam
2,FRYER
2,FROSTED
2,FLAKES
2,FERROUS
2,FEEDING
2,FAJITA
2,Era
2,English
2,Elbow
2,EQUAL
2,ECLAIR
2,Dressing
2,DOUGH
2,DIJON
2,DIET
2,Croissant
2,Crab
2,Country
2,Cookies
2,Container
2,Collard
2,Cocktail
2,Cilantro
2,Chip
2,Canola
2,Cannula
2,Cake
2,CUT
2,CRUSHER
2,CRUMBS
2,CRACKERS
2,COUNTRY
2,CORNMEAL
2,COMBS
2,COMBO
2,COBBLER
2,CLEAR
2,CINNAMON
2,CHUB
2,CHILI
2,CHICK
2,CHEERIOS
2,CEREAL
2,CARR
2,Boiled
2,Blend
2,Biscuits
2,Beet
2,Barrier
2,Bari
2,Baked
2,Baby
2,BYE
2,BUTTERNUT
2,BUNS
2,BULK
2,BRUSH
2,BOOST
2,BIB
2,BEETS
2,BEER
2,BATH
2,BARRIER
2,BA
2,As
2,Animal
2,APEX
2,ALMOND
2,ACIDOPHILUS
1,ziploc
1,zesty
1,york
1,yellowcake
1,yell
1,yaM
1,wraps
1,wooden
1,wingding
1,windup
1,windsor
1,wind
1,why
1,who
1,whiting
1,whiteout
1,whirls
1,weiner
1,waz
1,wat
1,want
1,wAx
1,ving
1,vine
1,viking
1,verge
1,vegetarian
1,veau
1,vary
1,vacuum
1,vac
1,urinary
1,unsweetened
1,united
1,under
1,uncared
1,type
1,twice
1,turtle
1,turnips
1,tur
1,tum
1,tubesteak
1,tro
1,trivia
1,tring
1,triangles
1,tread
1,travis
1,trap
1,transfer
1,train
1,tracks
1,town
1,towelette
1,touched
1,touch
1,toothbrushes
1,tooth
1,toil
1,tile
1,thumb
1,this
1,thicket
1,thickening
1,thermometer
1,thermo
1,therapy
1,tex
1,tetra
1,teri
1,ten
1,tempura
1,tear
1,teal
1,teabags
1,tavern
1,tastee
1,tarts
1,tarte
1,tan
1,tampons
1,tamales
1,tables
1,tabasco
1,tab
1,tATER
1,swirl
1,suture
1,surge
1,surfs
1,sure
1,supply
1,sunup
1,sunshine
1,sunflower
1,sunfish
1,sunbeam
1,sun
1,summer
1,suh
1,suds
1,suckers
1,substitute
1,stuff
1,stud
1,stroganoff
1,stride
1,strap
1,stop
1,sting
1,steno
1,steel
1,stat
1,stand
1,stainless
1,squats
1,square
1,spreads
1,spitfire
1,spins
1,spicy
1,speckled
1,spam
1,spa
1,southern
1,sooth
1,solution
1,sofort
1,snuggle
1,snow
1,smooth
1,smo
1,smart
1,slot
1,slipper
1,sling
1,skirt
1,skewer
1,six
1,silicone
1,sil
1,shrimps
1,shoreline
1,shelf
1,shavers
1,sharpie
1,sharpe
1,shaped
1,service
1,serve
1,sensor
1,segments
1,seg
1,sections
1,seasoned
1,seas
1,scum
1,scrod
1,screen
1,scouring
1,scott
1,scotch
1,scissors
1,scat
1,scandinavian
1,scampi
1,scallops
1,scale
1,sau
1,sarin
1,sara
1,santy
1,salaD
1,sal
1,sail
1,sage
1,safe
1,sODA
1,ruth
1,rum
1,rudy
1,rough
1,roti
1,rollin
1,rockfish
1,rob
1,road
1,riviera
1,ripe
1,rip
1,rigatoni
1,rhubarb
1,reynolds
1,resources
1,renal
1,removal
1,reese
1,reducer
1,redskin
1,reds
1,redid
1,rectangular
1,rec
1,reams
1,reader
1,reacher
1,rash
1,rare
1,raj
1,rain
1,rIB
1,rAZOR
1,rANCH
1,queso
1,queen
1,quad
1,purified
1,prove
1,protestant
1,protectors
1,processed
1,probie
1,probes
1,prints
1,print
1,prepped
1,pre
1,pox
1,poultry
1,popsicles
1,popsicle
1,polystyrene
1,polymer
1,pollack
1,pole
1,poland
1,pods
1,pod
1,play
1,plat
1,plantains
1,plac
1,pivot
1,pim
1,pig
1,photo
1,pharmacy
1,petit
1,pert
1,perforated
1,perfect
1,perf
1,pepsi
1,pepperoni
1,pep
1,pennant
1,peel
1,pecs
1,patti
1,path
1,pat
1,passion
1,part
1,parsnip
1,park
1,parch
1,panty
1,pants
1,pant
1,pandas
1,palmer
1,palm
1,pak
1,pail
1,pace
1,pac
1,paM
1,ow
1,oval
1,oscar
1,os
1,oregon
1,orchid
1,orchard
1,orANGE
1,optic
1,opium
1,onto
1,onsite
1,onlv
1,ome
1,nuts
1,nutmeg
1,nuns
1,nun
1,nuh
1,novo
1,nourishing
1,notes
1,northwest
1,north
1,nic
1,niagara
1,newman
1,nestle
1,needled
1,nat
1,nApkin
1,mutton
1,murray
1,mum
1,mug
1,morning
1,moose
1,mono
1,mongol
1,mojo
1,miscast
1,miracle
1,minute
1,milano
1,mi
1,meth
1,mer
1,mens
1,melt
1,mel
1,medicine
1,medallions
1,medallion
1,medal
1,mechanical
1,mean
1,meaTBALLS
1,mccain
1,mascarpone
1,maryland
1,martin
1,marquis
1,marinated
1,marinade
1,marge
1,mandar
1,malibu
1,male
1,make
1,mailbox
1,mahi
1,magnesium
1,machine
1,macaroons
1,macaroon
1,ma
1,lump
1,lower
1,lotions
1,lost
1,lopez
1,loops
1,log
1,lock
1,liz
1,little
1,list
1,ling
1,lim
1,lilac
1,lil
1,lightly
1,lift
1,lido
1,lentils
1,lem
1,legs
1,leeks
1,lee
1,lebanon
1,leaves
1,leafs
1,le
1,lava
1,latent
1,larry
1,laid
1,lady
1,krispie
1,kraft
1,knuckle
1,knot
1,knives
1,knitted
1,kitchen
1,keystone
1,keys
1,kettle
1,ketch
1,keen
1,jus
1,julienne
1,jones
1,john
1,joey
1,jerks
1,jellies
1,jalapeno
1,itl
1,isabel
1,iris
1,international
1,intake
1,insulated
1,inkwell
1,infinity
1,incontinence
1,impulse
1,im
1,icy
1,hunts
1,hummus
1,hug
1,huckleberry
1,hotdogs
1,hotdog
1,horndog
1,hoping
1,homogenized
1,hominy
1,holder
1,hold
1,hoc
1,hoary
1,hoagies
1,hey
1,hex
1,hershey
1,hens
1,held
1,heel
1,heat
1,hearty
1,heart
1,heads
1,head
1,haw
1,hav
1,hasa
1,harvest
1,hands
1,hamburg
1,halves
1,halve
1,gyro
1,gun
1,guava
1,guards
1,guac
1,grow
1,groundwork
1,griddle
1,grey
1,grapefruits
1,grap
1,granules
1,grandmas
1,grade
1,grad
1,graN
1,gout
1,gouda
1,gotta
1,gone
1,glow
1,glory
1,ging
1,gif
1,gibbs
1,gherkin
1,germany
1,geo
1,gallo
1,gal
1,fungal
1,fuji
1,frutti
1,froze
1,frost
1,froot
1,frittata
1,fresco
1,frankfurters
1,force
1,fop
1,foley
1,fold
1,fly
1,floral
1,flo
1,flea
1,flavoring
1,five
1,fischer
1,finish
1,fingers
1,filter
1,fight
1,fife
1,fennel
1,female
1,fed
1,feathered
1,fearless
1,fat
1,fashioned
1,fashion
1,farm
1,faii
1,eyes
1,eyedrops
1,extract
1,expose
1,exceed
1,euros
1,ethanol
1,err
1,ep
1,enzyme
1,enthral
1,enemas
1,endive
1,emulsion
1,empanada
1,ellie
1,elemental
1,elder
1,elastic
1,el
1,eight
1,eggshell
1,eddies
1,economy
1,eco
1,ec
1,eat
1,earl
1,ear
1,eagles
1,dutch
1,dusted
1,duck
1,dual
1,drumsticks
1,driscoll
1,drake
1,dove
1,domino
1,dispatch
1,dishwater
1,dishes
1,dish
1,dis
1,dip
1,dings
1,din
1,die
1,didi
1,dich
1,diaper
1,dew
1,devil
1,device
1,deter
1,det
1,destined
1,dermal
1,deo
1,delights
1,dehydrated
1,decrease
1,dale
1,daily
1,da
1,cushion
1,curl
1,crumbles
1,cru
1,crowder
1,croutons
1,cross
1,crispy
1,crimping
1,crib
1,crew
1,crack
1,crabby
1,cotton
1,cot
1,correction
1,controlled
1,contour
1,contain
1,conforming
1,confection
1,cones
1,condensed
1,condense
1,computer
1,compact
1,comfort
1,combination
1,colostomy
1,collectors
1,collection
1,collagen
1,colby
1,col
1,cohesive
1,clothing
1,clothes
1,clipper
1,clem
1,clean
1,claw
1,classic
1,cla
1,citrate
1,chums
1,chug
1,choy
1,chorizo
1,chopper
1,chlorine
1,chloride
1,chill
1,child
1,chewy
1,charles
1,chapstick
1,change
1,chafing
1,cell
1,catalina
1,case
1,cartridge
1,carnival
1,carnitas
1,carne
1,cardinal
1,carats
1,captains
1,captain
1,cannon
1,cannelloni
1,cann
1,canisters
1,candies
1,canal
1,campbell
1,came
1,camaro
1,calc
1,cajun
1,cafe
1,cabin
1,cHICKEN
1,buttery
1,butters
1,butterball
1,butane
1,bush
1,bunny
1,buff
1,buddies
1,buckeye
1,browning
1,brine
1,briar
1,breezes
1,breAD
1,braided
1,bra
1,box
1,boule
1,bottom
1,borscht
1,bok
1,bluff
1,blu
1,bleached
1,blast
1,bits
1,bites
1,bit
1,bist
1,bishop
1,biscayne
1,bio
1,bic
1,bend
1,belt
1,bells
1,bellman
1,beds
1,beaters
1,bavarian
1,bastard
1,basic
1,barrels
1,barn
1,barley
1,barb
1,banker
1,bands
1,bandages
1,bamboo
1,bal
1,bak
1,badges
1,baCON
1,ba
1,bACON
1,bAC
1,axl
1,avocados
1,austin
1,auf
1,atlantic
1,at
1,aspartame
1,asia
1,asada
1,artisan
1,artic
1,arse
1,ark
1,arcadian
1,arc
1,ar
1,aqua
1,apart
1,antacid
1,anniversary
1,animals
1,anchovy
1,amos
1,america
1,ame
1,amass
1,always
1,aluminum
1,alternative
1,almonds
1,alkali
1,akin
1,aids
1,aging
1,aged
1,aft
1,af
1,aero
1,adobe
1,added
1,add
1,acetic
1,acclaim
1,abuelita
1,aS
1,Ziti
1,Zip
1,Yam
1,Wound
1,Wild
1,Whip
1,Washcloths
1,Washcloth
1,Wash
1,Wafers
1,Wafer
1,WING
1,WILD
1,WICK
1,WHIP
1,WEDGES
1,WAZ
1,WAY
1,WAX
1,WAVY
1,WASHCLOTH
1,WALNUTS
1,WAFERS
1,Vitamins
1,VITAMIN
1,VITAL
1,VINEGAR
1,VEG
1,VEAL
1,VANISHING
1,VAN
1,Unbreakable
1,Ultimate
1,URINALS
1,URINAL
1,URETHRA
1,Two
1,Turnips
1,Turnip
1,Tropical
1,Tranquility
1,Trach
1,Towels
1,Tossed
1,Toothpaste
1,Toothbrush
1,Three
1,Thick
1,Test
1,Tenders
1,Tartar
1,Tamale
1,TYLENOL
1,TWO
1,TWILL
1,TURNOVER
1,TULIP
1,TRIM
1,TRIANGLE
1,TRIAD
1,TRANSLUCENT
1,TOWELETTE
1,TOTS
1,TOTAL
1,TOP
1,TOOTH
1,TONER
1,TOM
1,TOILET
1,TOFU
1,TIssue
1,TIPS
1,TIP
1,TICKET
1,THICKEN
1,Syrup
1,Syringes
1,Sweetener
1,Sun
1,Sulfate
1,Style
1,Strips
1,String
1,Spoon
1,Sponge
1,Split
1,Spaghetti
1,Soy
1,Soup
1,Snack
1,Slaw
1,Skin
1,Skim
1,Sirloin
1,Shrimp
1,Shaving
1,Sharp
1,Shampoo
1,Shake
1,Scout
1,Scone
1,Sauerkraut
1,Saltine
1,Salt
1,Safe
1,SYringes
1,SYRINGES
1,SWISS
1,SWEETENER
1,SUPER
1,SUCCOTASH
1,STRIP
1,STER
1,SPREAD
1,SPIN
1,SPEARS
1,SOup
1,SOY
1,SOUTHERN
1,SOLITAIRE
1,SOFT
1,SLIPPERS
1,SKIM
1,SISTER
1,SILK
1,SILICONE
1,SHORTENING
1,SHORT
1,SHAVE
1,SET
1,SERVE
1,SENNA
1,SECTION
1,SCRAMBLED
1,SCA
1,SALTINES
1,SALSA
1,SAL
1,SAGE
1,SADDLE
1,Ruffle
1,Road
1,Ritz
1,Rinse
1,Ricotta
1,Relish
1,Refried
1,Refresh
1,Razor
1,Raisins
1,RaNCH
1,RYE
1,ROast
1,ROUND
1,ROMAINE
1,ROMA
1,ROASTED
1,RED
1,RECTANGULAR
1,RAW
1,Quinoa
1,QUICK
1,Purified
1,Puffs
1,Pudding
1,Prunes
1,Protein
1,Potpie
1,Polyethylene
1,Polish
1,Plates
1,Plate
1,Pistons
1,Piston
1,Pierogies
1,Pico
1,Pickles
1,Perineal
1,Peri
1,Peppers
1,Pen
1,Peas
1,Pea
1,Patties
1,Parsley
1,Parmesan
1,PUFF
1,PRUNES
1,PROTEGE
1,PROBE
1,PRINTER
1,PRINCE
1,POW
1,POUCHES
1,PLUS
1,PLATES
1,PLAIN
1,PISTON
1,PILAF
1,PIECE
1,PICKLES
1,PEaches
1,PERSONAL
1,PERI
1,PEPPERS
1,PEARLS
1,PATCHES
1,PARSLEY
1,PARM
1,PARKER
1,PALM
1,PACKETS
1,PACKET
1,Oz
1,Oxide
1,Onions
1,Omelet
1,Olive
1,Ointment
1,Ocean
1,OXIDE
1,ORG
1,ONIONS
1,OLIVE
1,OINTMENT
1,ODOR
1,Nutritional
1,Nutrition
1,Noodle
1,Nitrile
1,Net
1,Needles
1,Nathan
1,NORTHERN
1,NOOD
1,NO
1,NEWTON
1,NEEDLE
1,NAIL
1,Mustard
1,Mushroom
1,Muffins
1,Mouthwash
1,Moon
1,Misty
1,Medium
1,Med
1,Meat
1,Mayonnaise
1,Mango
1,Major
1,Magic
1,MUFFINS
1,MOUTH
1,MIlk
1,MIXED
1,MIGHTY
1,MIGHT
1,MELON
1,MEDIUM
1,MEDICINE
1,MEATballs
1,MEATLOAF
1,MASH
1,MARBLE
1,MAPLE
1,MANDAR
1,MAN
1,MALT
1,MA
1,Lunch
1,Low
1,Liners
1,Liner
1,Lime
1,Light
1,Lidocaine
1,Lid
1,Laser
1,Lac
1,LOZENGES
1,LOL
1,LITE
1,LIDOCAINE
1,LID
1,LEG
1,LEAf
1,LAYS
1,LAY
1,LAUNDRY
1,LASAGNA
1,LARGE
1,LACTOSE
1,Knife
1,Kangaroo
1,Kaiser
1,KRISPY
1,KNOTS
1,KNOT
1,KNIFE
1,KITS
1,KIEV
1,KAISER
1,Jimmy
1,JONES
1,JACK
1,It
1,Instant
1,Idaho
1,Icy
1,Ice
1,IU
1,ISOLATION
1,ISLAND
1,IODINE
1,IMITATION
1,II
1,ICY
1,ICED
1,Hush
1,Hotdog
1,Honeydew
1,Hing
1,Herb
1,Hard
1,Hamburgers
1,Halo
1,Haddock
1,HYDROCORTISONE
1,HUSH
1,HONEYDEW
1,HO
1,HINGED
1,HERB
1,HArd
1,HAZELNUT
1,HASH
1,HARD
1,HALIBUT
1,HAIRNET
1,HAIR
1,Grilled
1,Grill
1,Granulated
1,Granola
1,Glucose
1,Glove
1,Germ
1,GRILLED
1,GREASE
1,GRAPE
1,GRANULATED
1,GLOVE
1,GINGER
1,GERMANY
1,GELATIN
1,GATORADE
1,Fudge
1,Fry
1,Frozen
1,Frosted
1,Fritter
1,Foil
1,Flavor
1,Flat
1,Fit
1,Film
1,Ferrous
1,Feeding
1,Fajita
1,FRITTER
1,FRIES
1,FREE
1,FORK
1,FOL
1,FOILED
1,FLAKE
1,FIT
1,FILTER
1,Ez
1,Eye
1,Evaporated
1,Emesis
1,Eclair
1,EYE
1,ENEMA
1,EMPANADAS
1,EMESIS
1,EBB
1,EARLY
1,EA
1,Duo
1,Duck
1,Dry
1,Drumstick
1,Drain
1,Dough
1,Donuts
1,Donut
1,Dogs
1,Distilled
1,Dip
1,Deodorant
1,Decaf
1,DUMPLING
1,DRY
1,DRINKS
1,DRINK
1,DRESS
1,DRAIN
1,DONUTS
1,DOME
1,DOGS
1,DIXIE
1,DISTILLED
1,DIAL
1,DETERGENT
1,DASH
1,Cutlet
1,Cutlery
1,Cups
1,Cupcake
1,Cucumbers
1,Crumbs
1,Crinkle
1,Cracker
1,Cornish
1,Cornflakes
1,Cornflake
1,Cookie
1,Combs
1,Combo
1,Coating
1,Coag
1,Cleanser
1,Cinnamon
1,Chub
1,Chop
1,Chocolate
1,Chive
1,Chipped
1,Chili
1,Chic
1,Cherry
1,Chef
1,Cheetos
1,Cheddar
1,Cereal
1,Catfish
1,Cashew
1,Caramel
1,Cap
1,California
1,CUTTER
1,CUTLET
1,CUCUmber
1,CUCUMBERS
1,CRUMB
1,CROWN
1,CROIS
1,CRAB
1,CORNSTARCH
1,CORNED
1,COPIER
1,COOKIES
1,COOKED
1,CONE
1,COMPARTMENT
1,COMP
1,COLA
1,COAT
1,CLIPPERS
1,CLEAN
1,CHUCKS
1,CHOPS
1,CHOC
1,CHEETOS
1,CHECK
1,CHARD
1,CATFISH
1,CASINO
1,CARD
1,CARAFE
1,CANDY
1,CAN
1,CALIFORNIA
1,CALI
1,CAL
1,Buttercups
1,Buttercup
1,Burgers
1,Buns
1,Bunny
1,Bulk
1,Brussel
1,Brioche
1,Bran
1,Bowl
1,Boston
1,Bordered
1,Boneless
1,Body
1,Blueberry
1,Blue
1,Bell
1,Battered
1,Bath
1,Basil
1,Bandage
1,Baker
1,Bagel
1,BUTTERMILK
1,BURST
1,BURGERS
1,BURGER
1,BUFFET
1,BUDDY
1,BROTH
1,BRO
1,BRIEFS
1,BRIEF
1,BREEZE
1,BREAKFAST
1,BREADSTICKS
1,BOWTIE
1,BOWLS
1,BOTTLED
1,BOSTON
1,BORDER
1,BONELESS
1,BOLOGNA
1,BOILED
1,BLUEBERRIES
1,BLUE
1,BIS
1,BEVERAGE
1,BELL
1,BED
1,BATTERED
1,BASMATI
1,BARI
1,BAKE
1,BAGS
1,BAGEL
1,BAC
1,Avocado
1,Austin
1,Apples
1,Angel
1,Aloe
1,Allegra
1,Alfredo
1,Ale
1,Af
1,Adult
1,Acidophilus
1,AVOCADO
1,AU
1,ASSURE
1,ASP
1,APP
1,AND
1,AMS
1,AM
1,ALUMINUM
1,ALUM
1,ADDED
1,AB
